<?xml version="1.0" encoding="UTF-8"?>
<project-private xmlns="http://www.netbeans.org/ns/project-private/1">
    <editor-bookmarks xmlns="http://www.netbeans.org/ns/editor-bookmarks/2" lastBookmarkId="0"/>
    <open-files xmlns="http://www.netbeans.org/ns/projectui-open-files/2">
        <group>
            <file>file:/C:/Users/sudha/OneDrive/Documents/NetBeansProjects/Lab7/src/lab7/BookChapter.java</file>
            <file>file:/C:/Users/sudha/OneDrive/Documents/NetBeansProjects/Lab7/src/lab7/Lab7.java</file>
            <file>file:/C:/Users/sudha/OneDrive/Documents/NetBeansProjects/Lab7/src/lab7/Page.java</file>
            <file>file:/C:/Users/sudha/OneDrive/Documents/NetBeansProjects/Lab7/src/lab7/BookChapterReadWrite.java</file>
        </group>
    </open-files>
</project-private>
